"n","iso3","region_key"
"arg","arg","enerdata56_arg"
"aus","aus","enerdata56_aus"
"aut","aut","enerdata56_aut"
"bel","bel","enerdata56_bel"
"bgr","bgr","enerdata56_bgr"
"blt","EST","enerdata56_blt"
"blt","LTU","enerdata56_blt"
"blt","LVA","enerdata56_blt"
"bra","bra","enerdata56_bra"
"can","can","enerdata56_can"
"chl","chl","enerdata56_chl"
"chn","chn","enerdata56_chn"
"cor","KOR","enerdata56_cor"
"cro","HRV","enerdata56_cro"
"dnk","dnk","enerdata56_dnk"
"egy","egy","enerdata56_egy"
"esp","esp","enerdata56_esp"
"fin","fin","enerdata56_fin"
"fra","fra","enerdata56_fra"
"gbr","gbr","enerdata56_gbr"
"golf57","ARE","enerdata56_golf57"
"golf57","BHR","enerdata56_golf57"
"golf57","IRN","enerdata56_golf57"
"golf57","IRQ","enerdata56_golf57"
"golf57","KWT","enerdata56_golf57"
"golf57","OMN","enerdata56_golf57"
"golf57","QAT","enerdata56_golf57"
"golf57","SAU","enerdata56_golf57"
"golf57","YEM","enerdata56_golf57"
"grc","grc","enerdata56_grc"
"hun","hun","enerdata56_hun"
"idn","idn","enerdata56_idn"
"irl","irl","enerdata56_irl"
"ita","ita","enerdata56_ita"
"jpn","jpn","enerdata56_jpn"
"meme","ISR","enerdata56_meme"
"meme","JOR","enerdata56_meme"
"meme","LBN","enerdata56_meme"
"meme","PSE","enerdata56_meme"
"meme","SYR","enerdata56_meme"
"mex","mex","enerdata56_mex"
"mys","mys","enerdata56_mys"
"nde","IND","enerdata56_nde"
"nld","nld","enerdata56_nld"
"noan","ESH","enerdata56_noan"
"noan","MAR","enerdata56_noan"
"noan","TUN","enerdata56_noan"
"noap","DZA","enerdata56_noap"
"noap","LBY","enerdata56_noap"
"nor","nor","enerdata56_nor"
"oeu","ALA","enerdata56_oeu"
"oeu","ALB","enerdata56_oeu"
"oeu","AND","enerdata56_oeu"
"oeu","BIH","enerdata56_oeu"
"oeu","CYP","enerdata56_oeu"
"oeu","FRO","enerdata56_oeu"
"oeu","GGY","enerdata56_oeu"
"oeu","GIB","enerdata56_oeu"
"oeu","GRL","enerdata56_oeu"
"oeu","IMN","enerdata56_oeu"
"oeu","ISL","enerdata56_oeu"
"oeu","JEY","enerdata56_oeu"
"oeu","KSV","enerdata56_oeu"
"oeu","LIE","enerdata56_oeu"
"oeu","LUX","enerdata56_oeu"
"oeu","MCO","enerdata56_oeu"
"oeu","MKD","enerdata56_oeu"
"oeu","MLT","enerdata56_oeu"
"oeu","MNE","enerdata56_oeu"
"oeu","SJM","enerdata56_oeu"
"oeu","SMR","enerdata56_oeu"
"oeu","SPM","enerdata56_oeu"
"oeu","SRB","enerdata56_oeu"
"oeu","VAT","enerdata56_oeu"
"osea","BRN","enerdata56_osea"
"osea","CCK","enerdata56_osea"
"osea","HKG","enerdata56_osea"
"osea","KHM","enerdata56_osea"
"osea","LAO","enerdata56_osea"
"osea","MAC","enerdata56_osea"
"osea","MMR","enerdata56_osea"
"osea","MNG","enerdata56_osea"
"osea","PHL","enerdata56_osea"
"osea","PRK","enerdata56_osea"
"osea","SGP","enerdata56_osea"
"osea","TWN","enerdata56_osea"
"pol","pol","enerdata56_pol"
"prt","prt","enerdata56_prt"
"rcam","ABW","enerdata56_rcam"
"rcam","AIA","enerdata56_rcam"
"rcam","ATA","enerdata56_rcam"
"rcam","ATG","enerdata56_rcam"
"rcam","BES","enerdata56_rcam"
"rcam","BHS","enerdata56_rcam"
"rcam","BLM","enerdata56_rcam"
"rcam","BLZ","enerdata56_rcam"
"rcam","BMU","enerdata56_rcam"
"rcam","BRB","enerdata56_rcam"
"rcam","CRI","enerdata56_rcam"
"rcam","CUB","enerdata56_rcam"
"rcam","CUW","enerdata56_rcam"
"rcam","CYM","enerdata56_rcam"
"rcam","DMA","enerdata56_rcam"
"rcam","DOM","enerdata56_rcam"
"rcam","GLP","enerdata56_rcam"
"rcam","GRD","enerdata56_rcam"
"rcam","GTM","enerdata56_rcam"
"rcam","HND","enerdata56_rcam"
"rcam","HTI","enerdata56_rcam"
"rcam","JAM","enerdata56_rcam"
"rcam","KNA","enerdata56_rcam"
"rcam","LCA","enerdata56_rcam"
"rcam","MAF","enerdata56_rcam"
"rcam","MSR","enerdata56_rcam"
"rcam","MTQ","enerdata56_rcam"
"rcam","NIC","enerdata56_rcam"
"rcam","PAN","enerdata56_rcam"
"rcam","PRI","enerdata56_rcam"
"rcam","SGS","enerdata56_rcam"
"rcam","SLV","enerdata56_rcam"
"rcam","SXM","enerdata56_rcam"
"rcam","TCA","enerdata56_rcam"
"rcam","TTO","enerdata56_rcam"
"rcam","VCT","enerdata56_rcam"
"rcam","VGB","enerdata56_rcam"
"rcam","VIR","enerdata56_rcam"
"rcz","CZE","enerdata56_rcz"
"rfa","DEU","enerdata56_rfa"
"ris","ARM","enerdata56_ris"
"ris","AZE","enerdata56_ris"
"ris","BLR","enerdata56_ris"
"ris","GEO","enerdata56_ris"
"ris","KAZ","enerdata56_ris"
"ris","KGZ","enerdata56_ris"
"ris","MDA","enerdata56_ris"
"ris","TJK","enerdata56_ris"
"ris","TKM","enerdata56_ris"
"ris","UZB","enerdata56_ris"
"rjan57","ASM","enerdata56_rjan57"
"rjan57","COK","enerdata56_rjan57"
"rjan57","CXR","enerdata56_rjan57"
"rjan57","FJI","enerdata56_rjan57"
"rjan57","FSM","enerdata56_rjan57"
"rjan57","GUM","enerdata56_rjan57"
"rjan57","HMD","enerdata56_rjan57"
"rjan57","KIR","enerdata56_rjan57"
"rjan57","MHL","enerdata56_rjan57"
"rjan57","MNP","enerdata56_rjan57"
"rjan57","NCL","enerdata56_rjan57"
"rjan57","NFK","enerdata56_rjan57"
"rjan57","NIU","enerdata56_rjan57"
"rjan57","NRU","enerdata56_rjan57"
"rjan57","NZL","enerdata56_rjan57"
"rjan57","PCN","enerdata56_rjan57"
"rjan57","PLW","enerdata56_rjan57"
"rjan57","PNG","enerdata56_rjan57"
"rjan57","PYF","enerdata56_rjan57"
"rjan57","SLB","enerdata56_rjan57"
"rjan57","TKL","enerdata56_rjan57"
"rjan57","TLS","enerdata56_rjan57"
"rjan57","TON","enerdata56_rjan57"
"rjan57","TUV","enerdata56_rjan57"
"rjan57","UMI","enerdata56_rjan57"
"rjan57","VUT","enerdata56_rjan57"
"rjan57","WLF","enerdata56_rjan57"
"rjan57","WSM","enerdata56_rjan57"
"rom","ROU","enerdata56_rom"
"rsaf","AGO","enerdata56_rsaf"
"rsaf","ATF","enerdata56_rsaf"
"rsaf","BDI","enerdata56_rsaf"
"rsaf","BEN","enerdata56_rsaf"
"rsaf","BFA","enerdata56_rsaf"
"rsaf","BVT","enerdata56_rsaf"
"rsaf","BWA","enerdata56_rsaf"
"rsaf","CAF","enerdata56_rsaf"
"rsaf","CIV","enerdata56_rsaf"
"rsaf","CMR","enerdata56_rsaf"
"rsaf","COD","enerdata56_rsaf"
"rsaf","COG","enerdata56_rsaf"
"rsaf","COM","enerdata56_rsaf"
"rsaf","CPV","enerdata56_rsaf"
"rsaf","DJI","enerdata56_rsaf"
"rsaf","ERI","enerdata56_rsaf"
"rsaf","ETH","enerdata56_rsaf"
"rsaf","GAB","enerdata56_rsaf"
"rsaf","GHA","enerdata56_rsaf"
"rsaf","GIN","enerdata56_rsaf"
"rsaf","GMB","enerdata56_rsaf"
"rsaf","GNB","enerdata56_rsaf"
"rsaf","GNQ","enerdata56_rsaf"
"rsaf","IOT","enerdata56_rsaf"
"rsaf","KEN","enerdata56_rsaf"
"rsaf","LBR","enerdata56_rsaf"
"rsaf","LSO","enerdata56_rsaf"
"rsaf","MDG","enerdata56_rsaf"
"rsaf","MLI","enerdata56_rsaf"
"rsaf","MOZ","enerdata56_rsaf"
"rsaf","MRT","enerdata56_rsaf"
"rsaf","MUS","enerdata56_rsaf"
"rsaf","MWI","enerdata56_rsaf"
"rsaf","MYT","enerdata56_rsaf"
"rsaf","NAM","enerdata56_rsaf"
"rsaf","NER","enerdata56_rsaf"
"rsaf","NGA","enerdata56_rsaf"
"rsaf","REU","enerdata56_rsaf"
"rsaf","RWA","enerdata56_rsaf"
"rsaf","SDN","enerdata56_rsaf"
"rsaf","SEN","enerdata56_rsaf"
"rsaf","SHN","enerdata56_rsaf"
"rsaf","SLE","enerdata56_rsaf"
"rsaf","SOM","enerdata56_rsaf"
"rsaf","SSD","enerdata56_rsaf"
"rsaf","STP","enerdata56_rsaf"
"rsaf","SWZ","enerdata56_rsaf"
"rsaf","SYC","enerdata56_rsaf"
"rsaf","TCD","enerdata56_rsaf"
"rsaf","TGO","enerdata56_rsaf"
"rsaf","TZA","enerdata56_rsaf"
"rsaf","UGA","enerdata56_rsaf"
"rsaf","ZMB","enerdata56_rsaf"
"rsaf","ZWE","enerdata56_rsaf"
"rsam","BOL","enerdata56_rsam"
"rsam","COL","enerdata56_rsam"
"rsam","ECU","enerdata56_rsam"
"rsam","FLK","enerdata56_rsam"
"rsam","GUF","enerdata56_rsam"
"rsam","GUY","enerdata56_rsam"
"rsam","PER","enerdata56_rsam"
"rsam","PRY","enerdata56_rsam"
"rsam","SUR","enerdata56_rsam"
"rsam","URY","enerdata56_rsam"
"rsam","VEN","enerdata56_rsam"
"rsas","AFG","enerdata56_rsas"
"rsas","BGD","enerdata56_rsas"
"rsas","BTN","enerdata56_rsas"
"rsas","LKA","enerdata56_rsas"
"rsas","MDV","enerdata56_rsas"
"rsas","NPL","enerdata56_rsas"
"rsas","PAK","enerdata56_rsas"
"rsl","SVK","enerdata56_rsl"
"rus","rus","enerdata56_rus"
"slo","SVN","enerdata56_slo"
"sui","CHE","enerdata56_sui"
"swe","swe","enerdata56_swe"
"tha","tha","enerdata56_tha"
"tur","tur","enerdata56_tur"
"ukr","ukr","enerdata56_ukr"
"usa","usa","enerdata56_usa"
"vnm","vnm","enerdata56_vnm"
"zaf","zaf","enerdata56_zaf"
"arg","arg","enerdata35_arg"
"aus","aus","enerdata35_aus"
"bra","bra","enerdata35_bra"
"can","can","enerdata35_can"
"chl","chl","enerdata35_chl"
"chn","chn","enerdata35_chn"
"cor","KOR","enerdata35_cor"
"egy","egy","enerdata35_egy"
"eu","AUT","enerdata35_eu"
"eu","BEL","enerdata35_eu"
"eu","BGR","enerdata35_eu"
"eu","CYP","enerdata35_eu"
"eu","CZE","enerdata35_eu"
"eu","DEU","enerdata35_eu"
"eu","DNK","enerdata35_eu"
"eu","ESP","enerdata35_eu"
"eu","EST","enerdata35_eu"
"eu","FIN","enerdata35_eu"
"eu","FRA","enerdata35_eu"
"eu","GBR","enerdata35_eu"
"eu","GIB","enerdata35_eu"
"eu","GLP","enerdata35_eu"
"eu","GRC","enerdata35_eu"
"eu","GUF","enerdata35_eu"
"eu","HRV","enerdata35_eu"
"eu","HUN","enerdata35_eu"
"eu","IRL","enerdata35_eu"
"eu","ITA","enerdata35_eu"
"eu","LTU","enerdata35_eu"
"eu","LUX","enerdata35_eu"
"eu","LVA","enerdata35_eu"
"eu","MAF","enerdata35_eu"
"eu","MLT","enerdata35_eu"
"eu","MTQ","enerdata35_eu"
"eu","MYT","enerdata35_eu"
"eu","NLD","enerdata35_eu"
"eu","POL","enerdata35_eu"
"eu","PRT","enerdata35_eu"
"eu","REU","enerdata35_eu"
"eu","ROU","enerdata35_eu"
"eu","SVK","enerdata35_eu"
"eu","SVN","enerdata35_eu"
"eu","SWE","enerdata35_eu"
"golf57","ARE","enerdata35_golf57"
"golf57","BHR","enerdata35_golf57"
"golf57","IRN","enerdata35_golf57"
"golf57","IRQ","enerdata35_golf57"
"golf57","KWT","enerdata35_golf57"
"golf57","OMN","enerdata35_golf57"
"golf57","QAT","enerdata35_golf57"
"golf57","SAU","enerdata35_golf57"
"golf57","YEM","enerdata35_golf57"
"idn","idn","enerdata35_idn"
"jpn","jpn","enerdata35_jpn"
"meme","ISR","enerdata35_meme"
"meme","JOR","enerdata35_meme"
"meme","LBN","enerdata35_meme"
"meme","PSE","enerdata35_meme"
"meme","SYR","enerdata35_meme"
"mex","mex","enerdata35_mex"
"mys","mys","enerdata35_mys"
"nde","IND","enerdata35_nde"
"noan","ESH","enerdata35_noan"
"noan","MAR","enerdata35_noan"
"noan","TUN","enerdata35_noan"
"noap","DZA","enerdata35_noap"
"noap","LBY","enerdata35_noap"
"nor","nor","enerdata35_nor"
"oeu","ALA","enerdata35_oeu"
"oeu","ALB","enerdata35_oeu"
"oeu","AND","enerdata35_oeu"
"oeu","BIH","enerdata35_oeu"
"oeu","FRO","enerdata35_oeu"
"oeu","GGY","enerdata35_oeu"
"oeu","GRL","enerdata35_oeu"
"oeu","IMN","enerdata35_oeu"
"oeu","ISL","enerdata35_oeu"
"oeu","JEY","enerdata35_oeu"
"oeu","KSV","enerdata35_oeu"
"oeu","LIE","enerdata35_oeu"
"oeu","MCO","enerdata35_oeu"
"oeu","MKD","enerdata35_oeu"
"oeu","MNE","enerdata35_oeu"
"oeu","SJM","enerdata35_oeu"
"oeu","SMR","enerdata35_oeu"
"oeu","SPM","enerdata35_oeu"
"oeu","SRB","enerdata35_oeu"
"oeu","VAT","enerdata35_oeu"
"osea","BRN","enerdata35_osea"
"osea","CCK","enerdata35_osea"
"osea","HKG","enerdata35_osea"
"osea","KHM","enerdata35_osea"
"osea","LAO","enerdata35_osea"
"osea","MAC","enerdata35_osea"
"osea","MMR","enerdata35_osea"
"osea","MNG","enerdata35_osea"
"osea","PHL","enerdata35_osea"
"osea","PRK","enerdata35_osea"
"osea","SGP","enerdata35_osea"
"osea","TWN","enerdata35_osea"
"rcam","ABW","enerdata35_rcam"
"rcam","AIA","enerdata35_rcam"
"rcam","ATA","enerdata35_rcam"
"rcam","ATG","enerdata35_rcam"
"rcam","BES","enerdata35_rcam"
"rcam","BHS","enerdata35_rcam"
"rcam","BLM","enerdata35_rcam"
"rcam","BLZ","enerdata35_rcam"
"rcam","BMU","enerdata35_rcam"
"rcam","BRB","enerdata35_rcam"
"rcam","CRI","enerdata35_rcam"
"rcam","CUB","enerdata35_rcam"
"rcam","CUW","enerdata35_rcam"
"rcam","CYM","enerdata35_rcam"
"rcam","DMA","enerdata35_rcam"
"rcam","DOM","enerdata35_rcam"
"rcam","GRD","enerdata35_rcam"
"rcam","GTM","enerdata35_rcam"
"rcam","HND","enerdata35_rcam"
"rcam","HTI","enerdata35_rcam"
"rcam","JAM","enerdata35_rcam"
"rcam","KNA","enerdata35_rcam"
"rcam","LCA","enerdata35_rcam"
"rcam","MSR","enerdata35_rcam"
"rcam","NIC","enerdata35_rcam"
"rcam","PAN","enerdata35_rcam"
"rcam","PRI","enerdata35_rcam"
"rcam","SGS","enerdata35_rcam"
"rcam","SLV","enerdata35_rcam"
"rcam","SXM","enerdata35_rcam"
"rcam","TCA","enerdata35_rcam"
"rcam","TTO","enerdata35_rcam"
"rcam","VCT","enerdata35_rcam"
"rcam","VGB","enerdata35_rcam"
"rcam","VIR","enerdata35_rcam"
"ris","ARM","enerdata35_ris"
"ris","AZE","enerdata35_ris"
"ris","BLR","enerdata35_ris"
"ris","GEO","enerdata35_ris"
"ris","KAZ","enerdata35_ris"
"ris","KGZ","enerdata35_ris"
"ris","MDA","enerdata35_ris"
"ris","TJK","enerdata35_ris"
"ris","TKM","enerdata35_ris"
"ris","UZB","enerdata35_ris"
"rjan57","ASM","enerdata35_rjan57"
"rjan57","COK","enerdata35_rjan57"
"rjan57","CXR","enerdata35_rjan57"
"rjan57","FJI","enerdata35_rjan57"
"rjan57","FSM","enerdata35_rjan57"
"rjan57","GUM","enerdata35_rjan57"
"rjan57","HMD","enerdata35_rjan57"
"rjan57","KIR","enerdata35_rjan57"
"rjan57","MHL","enerdata35_rjan57"
"rjan57","MNP","enerdata35_rjan57"
"rjan57","NCL","enerdata35_rjan57"
"rjan57","NFK","enerdata35_rjan57"
"rjan57","NIU","enerdata35_rjan57"
"rjan57","NRU","enerdata35_rjan57"
"rjan57","NZL","enerdata35_rjan57"
"rjan57","PCN","enerdata35_rjan57"
"rjan57","PLW","enerdata35_rjan57"
"rjan57","PNG","enerdata35_rjan57"
"rjan57","PYF","enerdata35_rjan57"
"rjan57","SLB","enerdata35_rjan57"
"rjan57","TKL","enerdata35_rjan57"
"rjan57","TLS","enerdata35_rjan57"
"rjan57","TON","enerdata35_rjan57"
"rjan57","TUV","enerdata35_rjan57"
"rjan57","UMI","enerdata35_rjan57"
"rjan57","VUT","enerdata35_rjan57"
"rjan57","WLF","enerdata35_rjan57"
"rjan57","WSM","enerdata35_rjan57"
"rsaf","AGO","enerdata35_rsaf"
"rsaf","ATF","enerdata35_rsaf"
"rsaf","BDI","enerdata35_rsaf"
"rsaf","BEN","enerdata35_rsaf"
"rsaf","BFA","enerdata35_rsaf"
"rsaf","BVT","enerdata35_rsaf"
"rsaf","BWA","enerdata35_rsaf"
"rsaf","CAF","enerdata35_rsaf"
"rsaf","CIV","enerdata35_rsaf"
"rsaf","CMR","enerdata35_rsaf"
"rsaf","COD","enerdata35_rsaf"
"rsaf","COG","enerdata35_rsaf"
"rsaf","COM","enerdata35_rsaf"
"rsaf","CPV","enerdata35_rsaf"
"rsaf","DJI","enerdata35_rsaf"
"rsaf","ERI","enerdata35_rsaf"
"rsaf","ETH","enerdata35_rsaf"
"rsaf","GAB","enerdata35_rsaf"
"rsaf","GHA","enerdata35_rsaf"
"rsaf","GIN","enerdata35_rsaf"
"rsaf","GMB","enerdata35_rsaf"
"rsaf","GNB","enerdata35_rsaf"
"rsaf","GNQ","enerdata35_rsaf"
"rsaf","IOT","enerdata35_rsaf"
"rsaf","KEN","enerdata35_rsaf"
"rsaf","LBR","enerdata35_rsaf"
"rsaf","LSO","enerdata35_rsaf"
"rsaf","MDG","enerdata35_rsaf"
"rsaf","MLI","enerdata35_rsaf"
"rsaf","MOZ","enerdata35_rsaf"
"rsaf","MRT","enerdata35_rsaf"
"rsaf","MUS","enerdata35_rsaf"
"rsaf","MWI","enerdata35_rsaf"
"rsaf","NAM","enerdata35_rsaf"
"rsaf","NER","enerdata35_rsaf"
"rsaf","NGA","enerdata35_rsaf"
"rsaf","RWA","enerdata35_rsaf"
"rsaf","SDN","enerdata35_rsaf"
"rsaf","SEN","enerdata35_rsaf"
"rsaf","SHN","enerdata35_rsaf"
"rsaf","SLE","enerdata35_rsaf"
"rsaf","SOM","enerdata35_rsaf"
"rsaf","SSD","enerdata35_rsaf"
"rsaf","STP","enerdata35_rsaf"
"rsaf","SWZ","enerdata35_rsaf"
"rsaf","SYC","enerdata35_rsaf"
"rsaf","TCD","enerdata35_rsaf"
"rsaf","TGO","enerdata35_rsaf"
"rsaf","TZA","enerdata35_rsaf"
"rsaf","UGA","enerdata35_rsaf"
"rsaf","ZMB","enerdata35_rsaf"
"rsaf","ZWE","enerdata35_rsaf"
"rsam","BOL","enerdata35_rsam"
"rsam","COL","enerdata35_rsam"
"rsam","ECU","enerdata35_rsam"
"rsam","FLK","enerdata35_rsam"
"rsam","GUY","enerdata35_rsam"
"rsam","PER","enerdata35_rsam"
"rsam","PRY","enerdata35_rsam"
"rsam","SUR","enerdata35_rsam"
"rsam","URY","enerdata35_rsam"
"rsam","VEN","enerdata35_rsam"
"rsas","AFG","enerdata35_rsas"
"rsas","BGD","enerdata35_rsas"
"rsas","BTN","enerdata35_rsas"
"rsas","LKA","enerdata35_rsas"
"rsas","MDV","enerdata35_rsas"
"rsas","NPL","enerdata35_rsas"
"rsas","PAK","enerdata35_rsas"
"rus","rus","enerdata35_rus"
"sui","CHE","enerdata35_sui"
"tha","tha","enerdata35_tha"
"tur","tur","enerdata35_tur"
"ukr","ukr","enerdata35_ukr"
"usa","usa","enerdata35_usa"
"vnm","vnm","enerdata35_vnm"
"zaf","zaf","enerdata35_zaf"
"brazil","BRA","witch17_brazil"
"canada","CAN","witch17_canada"
"canada","SPM","witch17_canada"
"china","CHN","witch17_china"
"china","HKG","witch17_china"
"china","MAC","witch17_china"
"china","TWN","witch17_china"
"europe","ALA","witch17_europe"
"europe","ALB","witch17_europe"
"europe","AND","witch17_europe"
"europe","AUT","witch17_europe"
"europe","BEL","witch17_europe"
"europe","BGR","witch17_europe"
"europe","BIH","witch17_europe"
"europe","CHE","witch17_europe"
"europe","CYP","witch17_europe"
"europe","CZE","witch17_europe"
"europe","DEU","witch17_europe"
"europe","DNK","witch17_europe"
"europe","ESP","witch17_europe"
"europe","EST","witch17_europe"
"europe","FIN","witch17_europe"
"europe","FRA","witch17_europe"
"europe","FRO","witch17_europe"
"europe","GBR","witch17_europe"
"europe","GGY","witch17_europe"
"europe","GIB","witch17_europe"
"europe","GRC","witch17_europe"
"europe","GRL","witch17_europe"
"europe","HRV","witch17_europe"
"europe","HUN","witch17_europe"
"europe","IMN","witch17_europe"
"europe","IRL","witch17_europe"
"europe","ISL","witch17_europe"
"europe","ITA","witch17_europe"
"europe","JEY","witch17_europe"
"europe","KSV","witch17_europe"
"europe","LIE","witch17_europe"
"europe","LTU","witch17_europe"
"europe","LUX","witch17_europe"
"europe","LVA","witch17_europe"
"europe","MCO","witch17_europe"
"europe","MKD","witch17_europe"
"europe","MLT","witch17_europe"
"europe","MNE","witch17_europe"
"europe","NLD","witch17_europe"
"europe","NOR","witch17_europe"
"europe","POL","witch17_europe"
"europe","PRT","witch17_europe"
"europe","ROU","witch17_europe"
"europe","SJM","witch17_europe"
"europe","SMR","witch17_europe"
"europe","SRB","witch17_europe"
"europe","SVK","witch17_europe"
"europe","SVN","witch17_europe"
"europe","SWE","witch17_europe"
"europe","VAT","witch17_europe"
"india","IND","witch17_india"
"indonesia","IDN","witch17_indonesia"
"jpnkor","JPN","witch17_jpnkor"
"jpnkor","KOR","witch17_jpnkor"
"jpnkor","PRK","witch17_jpnkor"
"laca","ABW","witch17_laca"
"laca","AIA","witch17_laca"
"laca","ARG","witch17_laca"
"laca","ATA","witch17_laca"
"laca","ATG","witch17_laca"
"laca","BES","witch17_laca"
"laca","BHS","witch17_laca"
"laca","BLM","witch17_laca"
"laca","BLZ","witch17_laca"
"laca","BMU","witch17_laca"
"laca","BOL","witch17_laca"
"laca","BRB","witch17_laca"
"laca","CHL","witch17_laca"
"laca","COL","witch17_laca"
"laca","CRI","witch17_laca"
"laca","CUB","witch17_laca"
"laca","CUW","witch17_laca"
"laca","CYM","witch17_laca"
"laca","DMA","witch17_laca"
"laca","DOM","witch17_laca"
"laca","ECU","witch17_laca"
"laca","FLK","witch17_laca"
"laca","GLP","witch17_laca"
"laca","GRD","witch17_laca"
"laca","GTM","witch17_laca"
"laca","GUF","witch17_laca"
"laca","GUY","witch17_laca"
"laca","HND","witch17_laca"
"laca","HTI","witch17_laca"
"laca","JAM","witch17_laca"
"laca","KNA","witch17_laca"
"laca","LCA","witch17_laca"
"laca","MAF","witch17_laca"
"laca","MSR","witch17_laca"
"laca","MTQ","witch17_laca"
"laca","NIC","witch17_laca"
"laca","PAN","witch17_laca"
"laca","PER","witch17_laca"
"laca","PRI","witch17_laca"
"laca","PRY","witch17_laca"
"laca","SGS","witch17_laca"
"laca","SLV","witch17_laca"
"laca","SUR","witch17_laca"
"laca","SXM","witch17_laca"
"laca","TCA","witch17_laca"
"laca","TTO","witch17_laca"
"laca","URY","witch17_laca"
"laca","VCT","witch17_laca"
"laca","VEN","witch17_laca"
"laca","VGB","witch17_laca"
"laca","VIR","witch17_laca"
"mena","ARE","witch17_mena"
"mena","BHR","witch17_mena"
"mena","DZA","witch17_mena"
"mena","EGY","witch17_mena"
"mena","ESH","witch17_mena"
"mena","IRN","witch17_mena"
"mena","IRQ","witch17_mena"
"mena","ISR","witch17_mena"
"mena","JOR","witch17_mena"
"mena","KWT","witch17_mena"
"mena","LBN","witch17_mena"
"mena","LBY","witch17_mena"
"mena","MAR","witch17_mena"
"mena","OMN","witch17_mena"
"mena","PSE","witch17_mena"
"mena","QAT","witch17_mena"
"mena","SAU","witch17_mena"
"mena","SYR","witch17_mena"
"mena","TUN","witch17_mena"
"mena","YEM","witch17_mena"
"mexico","MEX","witch17_mexico"
"oceania","ASM","witch17_oceania"
"oceania","AUS","witch17_oceania"
"oceania","COK","witch17_oceania"
"oceania","CXR","witch17_oceania"
"oceania","FJI","witch17_oceania"
"oceania","FSM","witch17_oceania"
"oceania","GUM","witch17_oceania"
"oceania","HMD","witch17_oceania"
"oceania","KIR","witch17_oceania"
"oceania","MHL","witch17_oceania"
"oceania","MNP","witch17_oceania"
"oceania","NCL","witch17_oceania"
"oceania","NFK","witch17_oceania"
"oceania","NIU","witch17_oceania"
"oceania","NRU","witch17_oceania"
"oceania","NZL","witch17_oceania"
"oceania","PCN","witch17_oceania"
"oceania","PLW","witch17_oceania"
"oceania","PNG","witch17_oceania"
"oceania","PYF","witch17_oceania"
"oceania","SLB","witch17_oceania"
"oceania","TKL","witch17_oceania"
"oceania","TLS","witch17_oceania"
"oceania","TON","witch17_oceania"
"oceania","TUV","witch17_oceania"
"oceania","UMI","witch17_oceania"
"oceania","VUT","witch17_oceania"
"oceania","WLF","witch17_oceania"
"oceania","WSM","witch17_oceania"
"sasia","AFG","witch17_sasia"
"sasia","BGD","witch17_sasia"
"sasia","BTN","witch17_sasia"
"sasia","LKA","witch17_sasia"
"sasia","MDV","witch17_sasia"
"sasia","NPL","witch17_sasia"
"sasia","PAK","witch17_sasia"
"seasia","BRN","witch17_seasia"
"seasia","CCK","witch17_seasia"
"seasia","KHM","witch17_seasia"
"seasia","LAO","witch17_seasia"
"seasia","MMR","witch17_seasia"
"seasia","MYS","witch17_seasia"
"seasia","PHL","witch17_seasia"
"seasia","SGP","witch17_seasia"
"seasia","THA","witch17_seasia"
"seasia","VNM","witch17_seasia"
"southafrica","ZAF","witch17_southafrica"
"ssa","AGO","witch17_ssa"
"ssa","ATF","witch17_ssa"
"ssa","BDI","witch17_ssa"
"ssa","BEN","witch17_ssa"
"ssa","BFA","witch17_ssa"
"ssa","BVT","witch17_ssa"
"ssa","BWA","witch17_ssa"
"ssa","CAF","witch17_ssa"
"ssa","CIV","witch17_ssa"
"ssa","CMR","witch17_ssa"
"ssa","COD","witch17_ssa"
"ssa","COG","witch17_ssa"
"ssa","COM","witch17_ssa"
"ssa","CPV","witch17_ssa"
"ssa","DJI","witch17_ssa"
"ssa","ERI","witch17_ssa"
"ssa","ETH","witch17_ssa"
"ssa","GAB","witch17_ssa"
"ssa","GHA","witch17_ssa"
"ssa","GIN","witch17_ssa"
"ssa","GMB","witch17_ssa"
"ssa","GNB","witch17_ssa"
"ssa","GNQ","witch17_ssa"
"ssa","IOT","witch17_ssa"
"ssa","KEN","witch17_ssa"
"ssa","LBR","witch17_ssa"
"ssa","LSO","witch17_ssa"
"ssa","MDG","witch17_ssa"
"ssa","MLI","witch17_ssa"
"ssa","MOZ","witch17_ssa"
"ssa","MRT","witch17_ssa"
"ssa","MUS","witch17_ssa"
"ssa","MWI","witch17_ssa"
"ssa","MYT","witch17_ssa"
"ssa","NAM","witch17_ssa"
"ssa","NER","witch17_ssa"
"ssa","NGA","witch17_ssa"
"ssa","REU","witch17_ssa"
"ssa","RWA","witch17_ssa"
"ssa","SDN","witch17_ssa"
"ssa","SEN","witch17_ssa"
"ssa","SHN","witch17_ssa"
"ssa","SLE","witch17_ssa"
"ssa","SOM","witch17_ssa"
"ssa","SSD","witch17_ssa"
"ssa","STP","witch17_ssa"
"ssa","SWZ","witch17_ssa"
"ssa","SYC","witch17_ssa"
"ssa","TCD","witch17_ssa"
"ssa","TGO","witch17_ssa"
"ssa","TZA","witch17_ssa"
"ssa","UGA","witch17_ssa"
"ssa","ZMB","witch17_ssa"
"ssa","ZWE","witch17_ssa"
"te","ARM","witch17_te"
"te","AZE","witch17_te"
"te","BLR","witch17_te"
"te","GEO","witch17_te"
"te","KAZ","witch17_te"
"te","KGZ","witch17_te"
"te","MDA","witch17_te"
"te","MNG","witch17_te"
"te","RUS","witch17_te"
"te","TJK","witch17_te"
"te","TKM","witch17_te"
"te","TUR","witch17_te"
"te","UKR","witch17_te"
"te","UZB","witch17_te"
"usa","usa","witch17_usa"
"r5asia","AFG","r5_r5asia"
"r5asia","ASM","r5_r5asia"
"r5asia","BGD","r5_r5asia"
"r5asia","BRN","r5_r5asia"
"r5asia","BTN","r5_r5asia"
"r5asia","CCK","r5_r5asia"
"r5asia","CHN","r5_r5asia"
"r5asia","FJI","r5_r5asia"
"r5asia","FSM","r5_r5asia"
"r5asia","GUM","r5_r5asia"
"r5asia","HKG","r5_r5asia"
"r5asia","IDN","r5_r5asia"
"r5asia","IND","r5_r5asia"
"r5asia","KHM","r5_r5asia"
"r5asia","KIR","r5_r5asia"
"r5asia","LAO","r5_r5asia"
"r5asia","LKA","r5_r5asia"
"r5asia","MAC","r5_r5asia"
"r5asia","MDV","r5_r5asia"
"r5asia","MHL","r5_r5asia"
"r5asia","MMR","r5_r5asia"
"r5asia","MNG","r5_r5asia"
"r5asia","MNP","r5_r5asia"
"r5asia","MYS","r5_r5asia"
"r5asia","NCL","r5_r5asia"
"r5asia","NPL","r5_r5asia"
"r5asia","PAK","r5_r5asia"
"r5asia","PHL","r5_r5asia"
"r5asia","PLW","r5_r5asia"
"r5asia","PNG","r5_r5asia"
"r5asia","PRK","r5_r5asia"
"r5asia","PYF","r5_r5asia"
"r5asia","SGP","r5_r5asia"
"r5asia","SLB","r5_r5asia"
"r5asia","THA","r5_r5asia"
"r5asia","TLS","r5_r5asia"
"r5asia","TON","r5_r5asia"
"r5asia","TWN","r5_r5asia"
"r5asia","VNM","r5_r5asia"
"r5asia","VUT","r5_r5asia"
"r5asia","WSM","r5_r5asia"
"r5lam","ABW","r5_r5lam"
"r5lam","AIA","r5_r5lam"
"r5lam","ARG","r5_r5lam"
"r5lam","ATA","r5_r5lam"
"r5lam","ATG","r5_r5lam"
"r5lam","BES","r5_r5lam"
"r5lam","BHS","r5_r5lam"
"r5lam","BLM","r5_r5lam"
"r5lam","BLZ","r5_r5lam"
"r5lam","BMU","r5_r5lam"
"r5lam","BOL","r5_r5lam"
"r5lam","BRA","r5_r5lam"
"r5lam","BRB","r5_r5lam"
"r5lam","CHL","r5_r5lam"
"r5lam","COL","r5_r5lam"
"r5lam","CRI","r5_r5lam"
"r5lam","CUB","r5_r5lam"
"r5lam","CUW","r5_r5lam"
"r5lam","CYM","r5_r5lam"
"r5lam","DMA","r5_r5lam"
"r5lam","DOM","r5_r5lam"
"r5lam","ECU","r5_r5lam"
"r5lam","FLK","r5_r5lam"
"r5lam","GLP","r5_r5lam"
"r5lam","GRD","r5_r5lam"
"r5lam","GTM","r5_r5lam"
"r5lam","GUF","r5_r5lam"
"r5lam","GUY","r5_r5lam"
"r5lam","HND","r5_r5lam"
"r5lam","HTI","r5_r5lam"
"r5lam","JAM","r5_r5lam"
"r5lam","KNA","r5_r5lam"
"r5lam","LCA","r5_r5lam"
"r5lam","MAF","r5_r5lam"
"r5lam","MEX","r5_r5lam"
"r5lam","MSR","r5_r5lam"
"r5lam","MTQ","r5_r5lam"
"r5lam","NIC","r5_r5lam"
"r5lam","PAN","r5_r5lam"
"r5lam","PER","r5_r5lam"
"r5lam","PRI","r5_r5lam"
"r5lam","PRY","r5_r5lam"
"r5lam","SGS","r5_r5lam"
"r5lam","SLV","r5_r5lam"
"r5lam","SUR","r5_r5lam"
"r5lam","SXM","r5_r5lam"
"r5lam","TCA","r5_r5lam"
"r5lam","TTO","r5_r5lam"
"r5lam","URY","r5_r5lam"
"r5lam","VCT","r5_r5lam"
"r5lam","VEN","r5_r5lam"
"r5lam","VGB","r5_r5lam"
"r5lam","VIR","r5_r5lam"
"r5maf","AGO","r5_r5maf"
"r5maf","ARE","r5_r5maf"
"r5maf","ATF","r5_r5maf"
"r5maf","BDI","r5_r5maf"
"r5maf","BEN","r5_r5maf"
"r5maf","BFA","r5_r5maf"
"r5maf","BHR","r5_r5maf"
"r5maf","BVT","r5_r5maf"
"r5maf","BWA","r5_r5maf"
"r5maf","CAF","r5_r5maf"
"r5maf","CIV","r5_r5maf"
"r5maf","CMR","r5_r5maf"
"r5maf","COD","r5_r5maf"
"r5maf","COG","r5_r5maf"
"r5maf","COM","r5_r5maf"
"r5maf","CPV","r5_r5maf"
"r5maf","DJI","r5_r5maf"
"r5maf","DZA","r5_r5maf"
"r5maf","EGY","r5_r5maf"
"r5maf","ERI","r5_r5maf"
"r5maf","ESH","r5_r5maf"
"r5maf","ETH","r5_r5maf"
"r5maf","GAB","r5_r5maf"
"r5maf","GHA","r5_r5maf"
"r5maf","GIN","r5_r5maf"
"r5maf","GMB","r5_r5maf"
"r5maf","GNB","r5_r5maf"
"r5maf","GNQ","r5_r5maf"
"r5maf","IOT","r5_r5maf"
"r5maf","IRN","r5_r5maf"
"r5maf","IRQ","r5_r5maf"
"r5maf","ISR","r5_r5maf"
"r5maf","JOR","r5_r5maf"
"r5maf","KEN","r5_r5maf"
"r5maf","KWT","r5_r5maf"
"r5maf","LBN","r5_r5maf"
"r5maf","LBR","r5_r5maf"
"r5maf","LBY","r5_r5maf"
"r5maf","LSO","r5_r5maf"
"r5maf","MAR","r5_r5maf"
"r5maf","MDG","r5_r5maf"
"r5maf","MLI","r5_r5maf"
"r5maf","MOZ","r5_r5maf"
"r5maf","MRT","r5_r5maf"
"r5maf","MUS","r5_r5maf"
"r5maf","MWI","r5_r5maf"
"r5maf","MYT","r5_r5maf"
"r5maf","NAM","r5_r5maf"
"r5maf","NER","r5_r5maf"
"r5maf","NGA","r5_r5maf"
"r5maf","OMN","r5_r5maf"
"r5maf","PSE","r5_r5maf"
"r5maf","QAT","r5_r5maf"
"r5maf","REU","r5_r5maf"
"r5maf","RWA","r5_r5maf"
"r5maf","SAU","r5_r5maf"
"r5maf","SDN","r5_r5maf"
"r5maf","SEN","r5_r5maf"
"r5maf","SHN","r5_r5maf"
"r5maf","SLE","r5_r5maf"
"r5maf","SOM","r5_r5maf"
"r5maf","SSD","r5_r5maf"
"r5maf","STP","r5_r5maf"
"r5maf","SWZ","r5_r5maf"
"r5maf","SYC","r5_r5maf"
"r5maf","SYR","r5_r5maf"
"r5maf","TCD","r5_r5maf"
"r5maf","TGO","r5_r5maf"
"r5maf","TUN","r5_r5maf"
"r5maf","TZA","r5_r5maf"
"r5maf","UGA","r5_r5maf"
"r5maf","YEM","r5_r5maf"
"r5maf","ZMB","r5_r5maf"
"r5maf","ZWE","r5_r5maf"
"r5oecd","ALA","r5_r5oecd"
"r5oecd","AND","r5_r5oecd"
"r5oecd","AUS","r5_r5oecd"
"r5oecd","AUT","r5_r5oecd"
"r5oecd","BEL","r5_r5oecd"
"r5oecd","CAN","r5_r5oecd"
"r5oecd","CHE","r5_r5oecd"
"r5oecd","COK","r5_r5oecd"
"r5oecd","CXR","r5_r5oecd"
"r5oecd","DEU","r5_r5oecd"
"r5oecd","DNK","r5_r5oecd"
"r5oecd","ESP","r5_r5oecd"
"r5oecd","FIN","r5_r5oecd"
"r5oecd","FRA","r5_r5oecd"
"r5oecd","FRO","r5_r5oecd"
"r5oecd","GBR","r5_r5oecd"
"r5oecd","GGY","r5_r5oecd"
"r5oecd","GIB","r5_r5oecd"
"r5oecd","GRC","r5_r5oecd"
"r5oecd","GRL","r5_r5oecd"
"r5oecd","HMD","r5_r5oecd"
"r5oecd","IMN","r5_r5oecd"
"r5oecd","IRL","r5_r5oecd"
"r5oecd","ISL","r5_r5oecd"
"r5oecd","ITA","r5_r5oecd"
"r5oecd","JEY","r5_r5oecd"
"r5oecd","JPN","r5_r5oecd"
"r5oecd","KOR","r5_r5oecd"
"r5oecd","LIE","r5_r5oecd"
"r5oecd","LUX","r5_r5oecd"
"r5oecd","MCO","r5_r5oecd"
"r5oecd","NFK","r5_r5oecd"
"r5oecd","NIU","r5_r5oecd"
"r5oecd","NLD","r5_r5oecd"
"r5oecd","NOR","r5_r5oecd"
"r5oecd","NRU","r5_r5oecd"
"r5oecd","NZL","r5_r5oecd"
"r5oecd","PCN","r5_r5oecd"
"r5oecd","PRT","r5_r5oecd"
"r5oecd","SJM","r5_r5oecd"
"r5oecd","SMR","r5_r5oecd"
"r5oecd","SPM","r5_r5oecd"
"r5oecd","SWE","r5_r5oecd"
"r5oecd","TKL","r5_r5oecd"
"r5oecd","TUV","r5_r5oecd"
"r5oecd","UMI","r5_r5oecd"
"r5oecd","USA","r5_r5oecd"
"r5oecd","VAT","r5_r5oecd"
"r5oecd","WLF","r5_r5oecd"
"r5oecd","ZAF","r5_r5oecd"
"r5ref","ALB","r5_r5ref"
"r5ref","ARM","r5_r5ref"
"r5ref","AZE","r5_r5ref"
"r5ref","BGR","r5_r5ref"
"r5ref","BIH","r5_r5ref"
"r5ref","BLR","r5_r5ref"
"r5ref","CYP","r5_r5ref"
"r5ref","CZE","r5_r5ref"
"r5ref","EST","r5_r5ref"
"r5ref","GEO","r5_r5ref"
"r5ref","HRV","r5_r5ref"
"r5ref","HUN","r5_r5ref"
"r5ref","KAZ","r5_r5ref"
"r5ref","KGZ","r5_r5ref"
"r5ref","KSV","r5_r5ref"
"r5ref","LTU","r5_r5ref"
"r5ref","LVA","r5_r5ref"
"r5ref","MDA","r5_r5ref"
"r5ref","MKD","r5_r5ref"
"r5ref","MLT","r5_r5ref"
"r5ref","MNE","r5_r5ref"
"r5ref","POL","r5_r5ref"
"r5ref","ROU","r5_r5ref"
"r5ref","RUS","r5_r5ref"
"r5ref","SRB","r5_r5ref"
"r5ref","SVK","r5_r5ref"
"r5ref","SVN","r5_r5ref"
"r5ref","TJK","r5_r5ref"
"r5ref","TKM","r5_r5ref"
"r5ref","TUR","r5_r5ref"
"r5ref","UKR","r5_r5ref"
"r5ref","UZB","r5_r5ref"
"world","ABW","global_world"
"world","AFG","global_world"
"world","AGO","global_world"
"world","AIA","global_world"
"world","ALA","global_world"
"world","ALB","global_world"
"world","AND","global_world"
"world","ARE","global_world"
"world","ARG","global_world"
"world","ARM","global_world"
"world","ASM","global_world"
"world","ATA","global_world"
"world","ATF","global_world"
"world","ATG","global_world"
"world","AUS","global_world"
"world","AUT","global_world"
"world","AZE","global_world"
"world","BDI","global_world"
"world","BEL","global_world"
"world","BEN","global_world"
"world","BES","global_world"
"world","BFA","global_world"
"world","BGD","global_world"
"world","BGR","global_world"
"world","BHR","global_world"
"world","BHS","global_world"
"world","BIH","global_world"
"world","BLM","global_world"
"world","BLR","global_world"
"world","BLZ","global_world"
"world","BMU","global_world"
"world","BOL","global_world"
"world","BRA","global_world"
"world","BRB","global_world"
"world","BRN","global_world"
"world","BTN","global_world"
"world","BVT","global_world"
"world","BWA","global_world"
"world","CAF","global_world"
"world","CAN","global_world"
"world","CCK","global_world"
"world","CHE","global_world"
"world","CHL","global_world"
"world","CHN","global_world"
"world","CIV","global_world"
"world","CMR","global_world"
"world","COD","global_world"
"world","COG","global_world"
"world","COK","global_world"
"world","COL","global_world"
"world","COM","global_world"
"world","CPV","global_world"
"world","CRI","global_world"
"world","CUB","global_world"
"world","CUW","global_world"
"world","CXR","global_world"
"world","CYM","global_world"
"world","CYP","global_world"
"world","CZE","global_world"
"world","DEU","global_world"
"world","DJI","global_world"
"world","DMA","global_world"
"world","DNK","global_world"
"world","DOM","global_world"
"world","DZA","global_world"
"world","ECU","global_world"
"world","EGY","global_world"
"world","ERI","global_world"
"world","ESH","global_world"
"world","ESP","global_world"
"world","EST","global_world"
"world","ETH","global_world"
"world","FIN","global_world"
"world","FJI","global_world"
"world","FLK","global_world"
"world","FRA","global_world"
"world","FRO","global_world"
"world","FSM","global_world"
"world","GAB","global_world"
"world","GBR","global_world"
"world","GEO","global_world"
"world","GGY","global_world"
"world","GHA","global_world"
"world","GIB","global_world"
"world","GIN","global_world"
"world","GLP","global_world"
"world","GMB","global_world"
"world","GNB","global_world"
"world","GNQ","global_world"
"world","GRC","global_world"
"world","GRD","global_world"
"world","GRL","global_world"
"world","GTM","global_world"
"world","GUF","global_world"
"world","GUM","global_world"
"world","GUY","global_world"
"world","HKG","global_world"
"world","HMD","global_world"
"world","HND","global_world"
"world","HRV","global_world"
"world","HTI","global_world"
"world","HUN","global_world"
"world","IDN","global_world"
"world","IMN","global_world"
"world","IND","global_world"
"world","IOT","global_world"
"world","IRL","global_world"
"world","IRN","global_world"
"world","IRQ","global_world"
"world","ISL","global_world"
"world","ISR","global_world"
"world","ITA","global_world"
"world","JAM","global_world"
"world","JEY","global_world"
"world","JOR","global_world"
"world","JPN","global_world"
"world","KAZ","global_world"
"world","KEN","global_world"
"world","KGZ","global_world"
"world","KHM","global_world"
"world","KIR","global_world"
"world","KNA","global_world"
"world","KOR","global_world"
"world","KSV","global_world"
"world","KWT","global_world"
"world","LAO","global_world"
"world","LBN","global_world"
"world","LBR","global_world"
"world","LBY","global_world"
"world","LCA","global_world"
"world","LIE","global_world"
"world","LKA","global_world"
"world","LSO","global_world"
"world","LTU","global_world"
"world","LUX","global_world"
"world","LVA","global_world"
"world","MAC","global_world"
"world","MAF","global_world"
"world","MAR","global_world"
"world","MCO","global_world"
"world","MDA","global_world"
"world","MDG","global_world"
"world","MDV","global_world"
"world","MEX","global_world"
"world","MHL","global_world"
"world","MKD","global_world"
"world","MLI","global_world"
"world","MLT","global_world"
"world","MMR","global_world"
"world","MNE","global_world"
"world","MNG","global_world"
"world","MNP","global_world"
"world","MOZ","global_world"
"world","MRT","global_world"
"world","MSR","global_world"
"world","MTQ","global_world"
"world","MUS","global_world"
"world","MWI","global_world"
"world","MYS","global_world"
"world","MYT","global_world"
"world","NAM","global_world"
"world","NCL","global_world"
"world","NER","global_world"
"world","NFK","global_world"
"world","NGA","global_world"
"world","NIC","global_world"
"world","NIU","global_world"
"world","NLD","global_world"
"world","NOR","global_world"
"world","NPL","global_world"
"world","NRU","global_world"
"world","NZL","global_world"
"world","OMN","global_world"
"world","PAK","global_world"
"world","PAN","global_world"
"world","PCN","global_world"
"world","PER","global_world"
"world","PHL","global_world"
"world","PLW","global_world"
"world","PNG","global_world"
"world","POL","global_world"
"world","PRI","global_world"
"world","PRK","global_world"
"world","PRT","global_world"
"world","PRY","global_world"
"world","PSE","global_world"
"world","PYF","global_world"
"world","QAT","global_world"
"world","REU","global_world"
"world","ROU","global_world"
"world","RUS","global_world"
"world","RWA","global_world"
"world","SAU","global_world"
"world","SDN","global_world"
"world","SEN","global_world"
"world","SGP","global_world"
"world","SGS","global_world"
"world","SHN","global_world"
"world","SJM","global_world"
"world","SLB","global_world"
"world","SLE","global_world"
"world","SLV","global_world"
"world","SMR","global_world"
"world","SOM","global_world"
"world","SPM","global_world"
"world","SRB","global_world"
"world","SSD","global_world"
"world","STP","global_world"
"world","SUR","global_world"
"world","SVK","global_world"
"world","SVN","global_world"
"world","SWE","global_world"
"world","SWZ","global_world"
"world","SXM","global_world"
"world","SYC","global_world"
"world","SYR","global_world"
"world","TCA","global_world"
"world","TCD","global_world"
"world","TGO","global_world"
"world","THA","global_world"
"world","TJK","global_world"
"world","TKL","global_world"
"world","TKM","global_world"
"world","TLS","global_world"
"world","TON","global_world"
"world","TTO","global_world"
"world","TUN","global_world"
"world","TUR","global_world"
"world","TUV","global_world"
"world","TWN","global_world"
"world","TZA","global_world"
"world","UGA","global_world"
"world","UKR","global_world"
"world","UMI","global_world"
"world","URY","global_world"
"world","USA","global_world"
"world","UZB","global_world"
"world","VAT","global_world"
"world","VCT","global_world"
"world","VEN","global_world"
"world","VGB","global_world"
"world","VIR","global_world"
"world","VNM","global_world"
"world","VUT","global_world"
"world","WLF","global_world"
"world","WSM","global_world"
"world","YEM","global_world"
"world","ZAF","global_world"
"world","ZMB","global_world"
"world","ZWE","global_world"
